{"cameraMode":{"drawMode":0,"name":"Shaded","section":"Shading Mode"},"sceneLighting":true,"audioPlay":false,"sceneViewState":{"showFog":true,"showMaterialUpdate":true,"showSkybox":true,"showFlares":true,"showImageEffects":true,"showParticleSystems":true},"in2DMode":false,"pivot":{"x":1.0759739875793458,"y":-66.53269958496094,"z":178.70755004882813},"rotation":{"x":0.22456753253936768,"y":0.0029233575332909824,"z":-0.0006737179355695844,"w":0.9744546413421631},"size":111.62189483642578,"orthographic":false}