{"cameraMode":{"drawMode":0,"name":"Shaded","section":"Shading Mode"},"sceneLighting":true,"audioPlay":false,"sceneViewState":{"showFog":true,"showMaterialUpdate":false,"showSkybox":true,"showFlares":true,"showImageEffects":true,"showParticleSystems":true},"in2DMode":false,"pivot":{"x":-1.677002191543579,"y":0.19625568389892579,"z":1.1035146713256837},"rotation":{"x":0.22456753253936768,"y":0.0029233575332909824,"z":-0.0006737179355695844,"w":0.9744546413421631},"size":13.53012466430664,"orthographic":false}